Matchup,Adjusted Pick,Confidence %,Guardrail Note
Seahawks @ Cardinals,Cardinals ML,62,No major issues
Vikings @ Steelers,Vikings ML,62,No major issues
Commanders @ Falcons,Commanders ML,55,McLaurin injury; confidence drop
Browns @ Lions,Lions ML,72,No major issues
Titans @ Texans,Texans ML,62,No major issues
Eagles @ Buccaneers,Eagles ML,68,Evans out; confidence boost
Saints @ Bills,Bills ML,80,No major issues
Panthers @ Patriots,Patriots ML,62,No major issues
Chargers @ Giants,Chargers ML,62,No major issues
Jaguars @ 49ers,Jaguars ML,55,Bosa out; flip to Jaguars
Colts @ Rams,Rams ML,62,No major issues
Bears @ Raiders,Raiders ML,57,No major issues
Ravens @ Chiefs,Chiefs ML,62,No major issues
Packers @ Cowboys,Packers ML,55,CeeDee Lamb out; flip to Packers
Jets @ Dolphins,Dolphins ML,62,No major issues
Bengals @ Broncos,Broncos ML,72,No major issues
